緯度,經度,補習班名稱,電話,核准科目名稱,補習班住址,立案文號,立案日期,備註
24.80579110 ,120.96220350 ,新竹市私立蕎立小學堂文理短期補習班,,美語數學自然,新竹市北大路319、319-1號2-3樓,府教社字第1060134979號,9/14/2017,
24.78405210 ,121.02033800 ,新竹市私立迦南文理短期補習班,,國語其他其他,新竹市光復路一段531巷80-1號1樓,府教社字第1060094304號,7/10/2017,
24.79574310 ,120.94893690 ,新竹市私立青庭美語短期補習班,0922979736,英語,新竹市中華路四段226巷12號2樓及3樓,府教社字第1060083425號,6/6/2017,
24.81769310 ,120.97367000 ,新竹市私立華新文理短期補習班,(03)5335001,英文數學理化,新竹市光華北街29號1樓至3樓,府教社字第1060058289號,4/21/2017,
24.79449570 ,120.97753420 ,新竹市私立華盛頓短期補習班學府分校,(03)5753939,英語英語,新竹市學府路31號,府教社字第1060051959號,3/29/2017,
24.80674820 ,120.97643970 ,新竹市私立哲元文理短期補習班,(03)534-0494,數學英文國文,新竹市民權路56巷2號1樓,府教社字第1060022228號,3/3/2017,
24.79896800 ,120.96275200 ,新竹市私立向日葵向陽文理短期補習班,(03)5222091,英文數學其他,新竹市四維路50號3樓,府教社字第1060033444號,2/20/2017,
24.80377200 ,120.96639300 ,新竹市私立冠偉文理短期補習班,0952106220,數學其他,新竹市中央路162巷1號二樓之2、之5號,府教社字第1060012515號,1/4/2017,
24.80507520 ,120.94075880 ,新竹市私立勝成文理短期補習班,(03)5308234,數學美語英文數學其他其他,新竹市延平路二段95之4號1樓至3樓,府教社字第1060020718號,1/18/2017,
24.81231080 ,120.98383670 ,新竹市私立魏老師文理短期補習班,(03)5334063,數學理化數學,新竹市鐵道路一段60號1樓,府教社字第1060027557號,2/7/2017,
24.79521840 ,120.94149160 ,新竹市私立艾學爾文理短期補習班牛埔分班,(03)5400850,美語美語,新竹市香山區牛埔東路321號1樓至2樓,府教社字第1060013976號,1/5/2017,
24.80438700 ,120.97256900 ,三民教育有限公司附設新竹市私立三民文理技藝短期補習班,(03)5226099,會計其他其他其他,新竹市東門街62號7樓,府教社字第1050191588號,1/4/2017,
24.78129340 ,121.02316710 ,新竹市私立唯學館教育中心文理短期補習班,(網路電話)070-1000-3496,數學理化,新竹市光復路一段485巷6弄31號1樓至2樓,府教社字第1050168615號,9/22/2016,
24.81301090 ,120.98069730 ,學習王科技股份有限公司附設新竹市私立楷模書院文理短期補習班,(03)5352589,其他英文數學其他其他,新竹市東區自由路67號1樓,府教社字第1050166109號,11/14/2016,
24.80122500 ,120.98568000 ,新竹市私立佳杏文理短期補習班,-3,美語數學國語其他英文,新竹市東區光復路二段387號1樓、夾層至2樓,府教社字第1050130586號,8/26/2016,
24.78802000 ,121.02040140 ,新竹市私立科拓文理短期補習班,(03)5678696,美語美語數學數學英文數學,新竹市關新路233號1樓至2樓,府教社字第1050130561號,8/25/2016,
24.79615520 ,120.98012500 ,新竹市私立君明文理短期補習班,(03)5751305,數學其他其他英文數學理化歷史其他英文數學物理國語其他,新竹市東山街30號1樓,府教社字第1050126174號,8/16/2016,
24.78129340 ,121.02316710 ,新竹市私立紐約王美語文理短期補習班,(03)6667555,美語數學,新竹市東區光復路一段593號1樓至3樓,,5/19/2016,
24.80694250 ,120.95725650 ,新竹市私立民富文理技藝短期補習班,(03)5212160,美語電腦,新竹市少年街87號2樓,府教社字第1050090196號,6/14/2016,
24.80643400 ,120.95500830 ,新竹市私立名師文理短期補習班,(03)5212777,英文數學理化,新竹市經國路二段438巷11號1樓及13號1樓,府教社字第1050093308號,6/14/2016,
24.81149920 ,120.97059010 ,新竹市私立南瓜田美語經國分部文理短期補習班,(03)5327751,美語美語美語美語美語美語數學數學其他其他理化國文,新竹市經國路一段479巷1弄2號3樓至4樓,府教社字第10500776507號,5/17/2016,
24.80816720 ,120.97419910 ,新竹市私立孟德爾頌兒童樂團技藝短期補習班,(03)5352253,音樂美術,新竹市三民路2巷11號2樓至3樓,府教社字第1050097505號,6/21/2016,
24.80153090 ,120.99654620 ,新竹市私立永曜文理短期補習班,(03)5730677,數學美語其他美語,新竹市建功一路170號1-4樓,府教社字第1050064379號,4/14/2016,
24.79484160 ,120.97845220 ,新竹市私立鼎上文教文理短期補習班,(03)5750985,數學英文其他,新竹市學府路85號1樓至4樓,府教社字第1050062027號,4/25/2016,
24.79622520 ,120.98293900 ,新竹市私立奧林匹亞文理短期補習班,(03)5262307,其他數學其他數學,新竹市學府路66號2樓,府教社字第1050103688號,7/4/2016,
24.78770740 ,121.01748210 ,新竹市私立閎儒文理短期補習班,0932-374037,數學作文,新竹市新莊街258號1樓至2樓,府教社字第1050146131號,10/3/2016,
24.80140450 ,120.99679950 ,新竹市私立品昇文理短期補習班,(03)5723338,作文其他其他理化其他物理,新竹市建功一路158號1-2樓,府教社字第1050047244號,1/21/2016,
24.79703310 ,120.96655100 ,新竹市私立大英文理短期補習班,0958-489171,美語數學理化美語數學,新竹市興學街87號1至3樓,府教社字第1050038255號,3/7/2016,
24.81306590 ,120.98060800 ,新竹市私立想想教室文理短期補習班,(03)5322961,數學,新竹市自由路69號3樓之2,府教社字第1050038708號,12/23/2015,
24.80809960 ,120.96151580 ,新竹市私立民富芝&#34100;街美語文理短期補習班,(03)5246477/5246308,美語美語國語數學,新竹市民富街149號1-4樓,府教社字第1050017950號,1/13/2016,
24.79533350 ,120.97987430 ,新竹市私立鳴典文理短期補習班,(03)5722377,英語數學其他,新竹市學府路147號1、2樓,府教社字第1040168356號,11/9/2015,
24.80947610 ,120.97464590 ,新竹市私立旭&#23791;文理短期補習班,(03)5333175,英語數學其他,新竹市民權路252號1至4樓,府教社字第1040168350號,11/9/2015,
24.77887550 ,121.02089110 ,弋果文化事業股份有限公司附設新竹市私立弋果美語短期補習班科園分班,(03)5630136,英語,新竹市東區金山街2號3樓,府教社字第1040177730號,11/27/2015,
24.81694470 ,120.97418660 ,新竹市私立聯合文理短期補習班光華分班,(03)5355051,數學生物英語,新竹市光華二街7號1-2樓,府教社字第1040171777號,11/17/2015,
24.81697860 ,120.97152660 ,新竹市私立金剛熊文理短期補習班,(03)5383946,英語,新竹市光華北街85之2號,府教社字第1040168373號,11/9/2015,
24.80362480 ,120.97211550 ,新竹市私立名城美容美髮短期補習班,(03)5250325,美容美髮,新竹市民族路22號4樓,府教社字第1040142938號,9/21/2015,
24.80862240 ,120.97860340 ,新竹市私立耕福田文理短期補習班,(03)5356765,英語數學,新竹市民族路156之1號2樓至4樓,府教社字第1040142597號,9/21/2015,
24.79823820 ,120.96176010 ,新竹市私立親安文理技藝短期補習班,(03)5260009,英語作文數學美術音樂瑜珈,新竹市四維路21巷28號3樓至4樓,府教社字第1040129470號,9/2/2015,
24.78603660 ,121.01872330 ,新竹市私立優雅而行技藝短期補習班,(03)6663583,音樂美術,新竹市關新路195號1樓至2樓,府教社字第1040126508號,8/19/2015,
24.79109700 ,121.00912900 ,新竹市私立蘋果籽語文短期補習班,(03)6669525,英語,新竹市龍山西路169號1樓至3樓,府教社字第1040099130號,8/20/2015,
24.81442400 ,120.96732400 ,新竹市私立維廉美語文理技藝短期補習班,(03)5328186,,新竹市東大路二段107號1樓至4樓,府教社字第1040066685號,4/23/2015,
24.79219270 ,121.00912440 ,新竹市私立嘉德琳關埔美語短期補習班,(03)5790918,美語,新竹市埔頂里埔頂三路146號1樓,府教社字第1040099130號,6/30/2015,
24.78129340 ,121.02316710 ,新竹市私立子用精實文理短期補習班,(03)5770513,數學美語其他英文作文,新竹市光復路一段268巷30弄32號1樓至2樓,府教社字第1040033459號,2/9/2015,
24.79638320 ,120.98034370 ,新竹市私立華星文理短期補習班,(03)5712708,美語數學作文,新竹市東山街32巷8號1樓,府教社字第1040040875號,3/2/2015,
24.80206140 ,120.99800460 ,新竹市私立楊怡文理短期補習班,(03)5753002,其他其他,新竹市建美路25號1樓至2樓,府教社字第1040049906號,3/23/2015,
24.81301090 ,120.98069730 ,新竹市私立奕維美語短期補習班,(03)5153689,美語,新竹市自由路67號3樓之1,府教社字第1040046389號,3/12/2015,
24.80363980 ,120.97186480 ,新竹市私立鐵人文理短期補習班,0937139095,數學,新竹市民族路25號4樓,府教社字第1040058258號,4/7/2015,
24.79168180 ,121.00941800 ,新竹市私立奇為文理短期補習班短期補習班,(03)5772694,美語數學,新竹市世傑路230號2樓,府教社字第1040021432號,1/21/2015,
24.83848020 ,120.93791960 ,新竹市私立名嘉外語短期補習班,(03)5363035,英文,新竹市中清一路40號1樓,府教社字第1030089410號,4/9/2014,
24.82379020 ,120.97246630 ,新竹市私立誠樺語文技藝短期補習班,(03)5354777,國語作文其他,新竹市金竹路124號1樓,府教社字第1030196068號,11/4/2014,
24.80314700 ,120.97149000 ,新竹市私立德利國際語文技藝短期補習班,(03)6663882,日文英文日文其他日文珠算其他,新竹市光復路一段327號1樓至2樓,府教社字第1030193149號,10/28/2014,
24.81342700 ,120.97120100 ,新竹市私立品勵文理短期補習班,(03)5316522,其他數學,新竹市民權路260號1樓至4樓,府教社字第1030183172號,10/9/2014,
24.80438700 ,120.97256900 ,圭賢國際有限公司附設新竹市私立圭賢韓語短期補習班,(03)5252558,其他其他其他其他,新竹市東門街62號10樓,府教社字第1030164585號,9/3/2014,
24.79971540 ,120.96550870 ,新竹市私立楊氏速讀語文短期補習班,(03)5238347,速讀日文,新竹市林森路147號4樓之3,府教社字第1030161589號,8/27/2014,
24.80120600 ,120.98574100 ,新竹市私立佳辰文理短期補習班,(03)5166078,其他數學美語作文,新竹市光復路二段385號2樓至3樓,府教社字第1030159702號,8/21/2014,
24.79711970 ,120.96867290 ,新竹市私立立百加外語文理短期補習班,(03)5622338,數學其他,新竹市南大路428號4樓,府教社字第1030154122號,8/12/2014,
24.79226950 ,121.01519290 ,新竹市私立鴻韻科園音樂短期補習班,(03)6668000,音樂音樂,新竹市慈濟路248號3樓至4樓,府教社字第1030154750號,8/12/2014,
24.78129340 ,121.02316710 ,新竹市私立申羿文理短期補習班,(03)5678397,數學其他,新竹市光復路一段544巷40號1樓至2樓,府教社字第1030152074號,8/8/2014,
24.79947400 ,120.98165800 ,新竹市私立學悟文理短期補習班,(03)5725088,國語數學,新竹市博愛街130號1樓至2樓,府教社字第1030151356號,8/6/2014,
24.81744020 ,120.96490720 ,新竹市私立汶語美語文理短期補習班,(03)5408686,美語數學,新竹市武陵路66號1樓,府教社字第1030177674號,9/29/2014,
24.78727720 ,121.01941320 ,世界公民文化發展股份有限公司附設新竹市私立數位世界語文短期補習班,(03)5782199,美語,新竹市關新路183號1樓至2樓,府教社字第1030174424號,9/22/2014,
24.79886810 ,120.96276000 ,新竹市私立何嘉仁四維語文短期補習班,(03)5277903,英語英語國語,新竹市四維路42號1樓至3樓、50號1樓至2樓,府教社字第1030138608號,7/14/2014,有兩間
24.78408810 ,121.02241600 ,新竹市私立教育家文理短期補習班關東分班,(03)5777791,美語美語數學美術其他,新竹市關東路106號1樓至4樓,府教社字第1030170503號,9/15/2014,
24.80623240 ,120.95137960 ,新竹市私立貝爾文理短期補習班,(03)5267855,數學美語作文,新竹市北區延平路一段214巷68號1樓至2樓,府教社字第1030136611號,7/7/2014,
24.79575650 ,120.97627640 ,新竹市私立聯合文理短期補習班東南分班,(03)5735589,英文數學其他,新竹市食品路191巷25號3樓,府教社字第1030120473號,6/6/2014,
24.78589290 ,121.02137740 ,私立佳典文理短期補習班,(03)6667188,美語,新竹市東區關新北路181號1樓,府教社字第1030116860號,5/29/2014,
24.81159690 ,120.96552750 ,新竹市私立寶兒美語技藝短期補習班,(03)5260909,美語美術,新竹市水田街1號3樓,府教社字第1030093986 號,4/16/2014,
24.80257370 ,120.98683410 ,新竹市私立竹辰美語短期補習班,(03)5165986,英文,新竹市東光路47號1樓至2樓,府教社字第1030073048 號,3/6/2014,
24.79831470 ,120.95584270 ,新竹市私立亞果文理短期補習班,(03)5308581,美語數學,新竹市頂埔路8號1樓至4樓,府教社字第1030086271 號,4/2/2014,
24.80303710 ,120.97054220 ,新竹市私立妍囍美容美髮短期補習班,(03)5285003,美容其他,新竹市信義街68號6樓之2,府教社字第1030054113 號,1/24/2014,
24.81381510 ,120.96685800 ,弋果文化事業股份有限公司附設新竹市私立弋果美語文理短期補習班經國分班,(03)5359988,美語國語國文數學,經國路二段16號4樓至6樓,府教社字第1030060205 號,2/7/2014,
24.79893150 ,121.00533540 ,新竹市私立種子英語短期補習班建功分班,(03)5752799,英文,新竹市公道五路二段345號1樓至2樓,府教社字第1020377459號,11/11/2013,
24.80485070 ,120.97268650 ,大無限雲端股份有限公司附設新竹市私立大無限1號文理短期補習班,(03)5238578,國語數學其他其他其他其他美語英文物理英文其他數學數學其他其他其他,新竹市民族路34號5樓,府教社字第1020393408 號,12/16/2013,
24.80302640 ,120.97172550 ,高點數位科技股份有限公司附設新竹市私立高點建國文理短期補習班,(03)5245888,其他其他其他其他其他會計其他,新竹市民族路7號4樓、5樓、6樓,府教社字第1020399275號,12/23/2013,
24.79927410 ,120.96489400 ,新竹市私立艾學爾文理短期補習班,(03)5283688,美語數學美語,新竹市林森路169號地下1樓（辦公室）、1樓至4樓,府教社字第1020370180 號,10/28/2013,
24.82385150 ,120.97229070 ,弘學文教有限公司附設新竹市私立和謙外語短期補習班,(03)5337790,其他英語其他英語,新竹市金竹路136號1樓,府教社字第1020360007 號,10/4/2013,
24.80208360 ,120.99801840 ,新竹市私立東盟外語短期補習班,(03)5750003,其他英語,新竹市建美路67號1樓至2樓,府教社字第1020340505 號,8/28/2013,
24.78291200 ,121.02037600 ,新竹市私立育達文理短期補習班,(03)5678058,英語數學,新竹市光復路一段268巷9弄6號1樓及10號1樓,府教社字第1020319887 號,7/16/2013,
24.79884740 ,120.98274550 ,新竹市私立何嘉仁東園語文短期補習班,(03)5721590,英語英語,新竹市博愛街96號3樓,府教社字第1020317762 號,7/10/2013,
24.72074980 ,120.91955030 ,私立慈愛文理短期補習班,(03)5378001,國語數學英文,新竹市中華路6段226巷6弄20號1樓至4樓,府教社字第1030172076號,9/15/2014,
24.78355700 ,121.01422100 ,新竹市私立康橋美語文理短期補習班,(03)5797018,美語其他理化美語,新竹市光復路一段360之18號1樓至3樓,府教社字第1020321055 號,7/17/2013,
24.80078230 ,120.96076860 ,新竹市私立瀚銘文理短期補習班,(03)5220991,美語數學,新竹市四維路77號1樓至4樓,府教社字第1020328643 號,8/8/2013,
24.78507020 ,121.01092500 ,新竹市私立典翰文理短期補習班科園分班,(03)5631905,國語數學數學美語理化美語其他其他,新竹市光復路一段607巷30號2樓,府教社字第1020051892 號,4/30/2013,
24.78224160 ,121.01963090 ,新竹市私立巨才美語文理短期補習班,(03)5670018,數學其他美語,新竹市光復路1段271號3樓,府教社字第1020020227號,2/21/2013,
24.79851790 ,120.96420540 ,新竹市私立向日葵丫丫英語短期補習班,(03)5265871,英語,新竹市福德街43號1樓至4樓,府教社字第1020016262 號,2/8/2013,
24.79933020 ,120.98135010 ,新竹市私立博佑語文短期補習班,(03)5728858,英語,新竹市博愛街93號1樓至2樓,府教社字第1020011110 號,1/31/2013,
24.73858260 ,120.91400920 ,新竹市私立約瑟美語短期補習班,(03)5377558,美語美語,新竹市中華路6段218號1樓至4樓,府教社字第1020009556 號,1/24/2013,
24.78770740 ,121.01748210 ,新竹市私立奎豆文理短期補習班,(03)6662468,數學數學國語美語美語其他其他,新竹市新莊街70、72號1樓至2樓,府教社字第1020006565 號,1/18/2013,
24.81028630 ,120.97144560 ,私立親仁文理短期補習班,(03)5315519,美語數學其他國語,新竹市世界街36號及38號1樓至2樓,府教社字第1010146839 號,11/29/2012,有兩間
24.80485070 ,120.97268650 ,希格瑪文教事業股份有限公司附設新竹市私立希格瑪6號文理短期補習班,(03)5233119,英文數學物理其他,新竹市民族路34號7樓之2,府教社字第1010090586 號,8/3/2012,
24.72607140 ,120.92912080 ,新竹市私立鄒老師文理短期補習班,(03)5181004,英語數學,新竹市南隘路二段25號1樓至3樓,府教社字第1010149148 號,12/7/2012,
24.81551020 ,120.97403630 ,新竹市私立江藝術工作室短期補習班,(03)5425922,美術,新竹市光華東街19號,府教社字第1010120233 號,10/4/2012,
24.75851410 ,120.96079950 ,新竹市私立璽理文理短期補習班,(03)5710701,數學理化,新竹市東南街271號1樓至2樓,府教社字第1010139001 號,11/9/2012,
24.79669760 ,120.97522500 ,新竹市私立讀冊人文理短期補習班,(03)5725472,英文數學理化,新竹市食品路155巷46號1樓至3樓,府教社字第 1010130686 號,10/26/2012,
24.81182500 ,120.97191100 ,新竹市私立達文西文理技藝短期補習班,(03)5424285,日文其他數學數學音樂其他理化,新竹市民權路227號1樓至2樓,府教社字第1010144096 號,11/23/2012,
24.80962800 ,120.95907900 ,新竹市私立牛頓文理短期補習班,(03)5222508,英語數學作文,新竹市西大路601號1樓、2樓之1、2樓之2,府教社字第1010118787 號,10/1/2012,
24.81405400 ,120.97970010 ,新竹市私立英翰英語短期補習班,(03)5350626,英語,新竹市自由路109號1樓至2樓,府教社字第1010115616號,9/25/2012,
24.78129340 ,121.02316710 ,新竹市私立聖立文理短期補習班,-3,數學數學數學其他理化理化,新竹市光復路1段607巷3弄8號1樓至2樓,府教社字第1010108070 號,9/13/2012,
24.79640410 ,120.99972870 ,新竹市私立愛迪標文理短期補習班,(03)5733901,美語數學,新竹市光復路2段298巷7弄16號1樓,府教社字第 1010108067號,9/6/2012,
24.80060190 ,120.98560120 ,新竹市私立普林斯頓文理短期補習班,(03)5725128,數學美語,新竹市光復路2段393巷4弄5號1樓,府教社字第1010103023號,8/30/2012,
24.78745850 ,121.01870370 ,新竹市私立親仁科園文理短期補習班,(03)5787222,其他美語數學國語,新竹市關新西街49號4樓,府教社字第1010106844 號,8/30/2012,
24.80485070 ,120.97268650 ,新竹市私立曾加文理短期補習班,(03)5252338,數學英文,新竹市民族路34號7樓之1,府教社字第1010097442 號,8/13/2012,
24.81921900 ,120.97539700 ,新竹市私立孩子的天空美術短期補習班,(03)5424601,美術,新竹市光華二街71號1樓,府教社字第1010087999 號,7/30/2012,
24.81424310 ,120.97965860 ,新竹市私立維格美語文理技藝短期補習班,(03)5329266,美語數學其他國語電腦,新竹市自由路111號1樓至2樓,府教社字第1010099656 號,8/16/2012,
24.80044500 ,120.98419510 ,新竹市私立英語花園美語短期補習班,912233411,英語,新竹市綠水里綠水路51號,府教社字第1010061232號,5/25/2012,
24.80362480 ,120.97211550 ,英捷國際股份有限公司附設新竹市私立英代外語短期補習班,(03)5260153,美語日文,新竹市民族路22號1樓及2樓之1,府教社字第1010077666號,7/4/2012,
24.81993110 ,120.96662920 ,新竹市私立學儒文理短期補習班,03-5336882,數學其他英文,新竹市湳中街10號1樓至2樓,府教社字第 1010064346號,6/13/2012,
24.79488740 ,121.00892470 ,新竹市私立傑揚文理短期補習班,(03)5797999,數學美語作文,新竹市埔頂路123號A棟1樓及123號A棟2樓,府教社字第 1010060536號,5/23/2012,
24.78468780 ,121.01028660 ,新竹市私立延展文理短期補習班惠民分班,(03)5631905,美語數學美術其他國語理化,新竹市惠民街67號1樓至4樓,府教社字第1010050060號,5/4/2012,
24.79567100 ,120.97575810 ,新竹市私立陽明文理短期補習班,(03)5751700,數學其他英文英文數學,新竹市東南街227號1樓至2樓、東南街231號、233號1樓至2樓,府教社字第1010038839號,4/5/2012,有多間
24.80049820 ,120.98511540 ,新竹市私立羿伸文理短期補習班,(03)5711666,美語美語數學數學其他其他,新竹市光復路2段393巷16號1樓,府教社字第1010028550 號,3/21/2012,
24.80314700 ,120.97149000 ,全國文教事業有限公司附設新竹市私立全國英日韓語言短期補習班,(03)5232775,日文英文其他,新竹市中正路22號8樓之1樓,府教社字第1010022836 號,3/9/2012,
24.79041490 ,120.92413100 ,新竹市私立香翰文理技藝短期補習班,0972164422,數學珠算國語英文,新竹市香北一路186號1樓至2樓,府教社字第 1010022220號,3/2/2012,
24.78262980 ,121.01145740 ,新竹市私立山熊科學文理短期補習班,(03)6667360,其他其他數學數學,新竹市科學園路107巷1號,府教社字第1010019608 號,2/23/2012,
24.78278000 ,121.02030400 ,新竹市私立友友美語短期補習班,(03)5776323,美語,新竹市光復路1段485巷6弄9號1-2樓,府教社字第1010020210號,2/23/2012,
24.80658650 ,120.96646870 ,新竹市私立妍田語文短期補習班,(03)5223506,美語作文,新竹市中山路40巷25號3樓,府教社字第1010012841號,2/16/2012,
24.84019580 ,120.93602740 ,新竹市私立英語種子學苑文理短期補習班,(03)5366883,美語美語數學數學,新竹市延平路三段673號1樓、延平路三段667巷8號1樓,府教社字第1010011366號,2/6/2012,
24.80344910 ,120.96083400 ,新竹市私立聖保羅美語文理短期補習班,(03)5242168,美語數學數學其他美語其他,新竹市延平路一段60號4樓,府教社字第1010010419號,2/1/2012,
24.80909570 ,120.95774120 ,新竹市私立喬立文理短期補習班,(03)5232425,美語數學美語,新竹市西大路643巷35號1樓至2樓,府教社字第1000156569號,1/12/2012,
24.80363980 ,120.97186480 ,智基科技開發股份有限公司附設新竹市私立正志光法商短期補習班,(03)5255117,其他其他國文英文數學其他其他,新竹市民族路25號2-3樓,府教社字第1000128358 號,12/5/2011,
24.79539990 ,120.96506860 ,新竹市私立佳樺美語短期補習班,(03)5220991,美語,新竹市四維路89巷2-1號2樓,,11/1/2011,
24.78347230 ,121.01149990 ,私立大衛美日語短期補習班 ,(03)5781100,日文美語,新竹市科學園路一三九號,府教社字第0930083580 號,7/30/2004,
24.80732360 ,120.97350940 ,琴絃社音樂有限公司附設新竹市私立琴絃社音樂短期補習班,(03)5422252,音樂音樂音樂音樂音樂音樂,新竹市三民路20號2樓至4樓,府教社字第1000120882 號,10/21/2011,
24.80215000 ,120.99791600 ,新竹市私立佳邑文理短期補習班,(03)5711226,美語英文數學其他作文,新竹市建美路41號、43號1樓至4樓,府教社字第1000120020 號,10/17/2011,
24.78604620 ,121.02038970 ,新竹市私立智恩文理短期補習班,(03)6686005,英語數學國語其他英語音樂,新竹市關新北路153號1樓,府教社字第1000098833 號,8/26/2011,
24.79548310 ,120.97200120 ,新竹市私立洪林教學中心文理短期補習班,(03)5268255,國語,新竹市西大路582巷15弄30號1-2樓,府教社字第1000095750號,8/24/2011,
24.83568700 ,120.94524000 ,新竹市私立快樂地文理短期補習班,(03)5360019,國語美語數學,新竹市東大路3段380-2號1-2樓,府教社字第1000088541 號,8/22/2011,
24.78443730 ,121.01145020 ,新竹市私立伊凡美語短期補習班,(03)5678403,美語音樂,新竹市科學園路107巷22號1樓至2樓,府教社字第1000086000 號,8/11/2011,
24.80485900 ,120.97291100 ,新竹市私立思達文理短期補習班,(03)5282998,其他英文數學其他其他,新竹市民族路36號2樓,府教社字第1000087475 號,8/2/2011,
24.80873420 ,120.97427800 ,新竹市私立李安貳號文理短期補習班,(03)5333575,其他數學,新竹市中央路198號2樓,府教社字第1000082542 號,7/27/2011,
24.80485900 ,120.97291100 ,新竹市私立欣蕾舞蹈短期補習班,(03)5245885,舞蹈舞蹈舞蹈,新竹市民族路36號5樓,府教社字第1000092052 號,9/1/2011,
24.81239070 ,120.96315430 ,新竹市私立超越文理短期補習班,(03)5356988,美語數學數學美語,新竹市城北街123號1-2樓,府教社字第 1000079269號,7/22/2011,
24.80129500 ,120.99699800 ,新竹市私立文欣文理短期補習班,(03)5719152,其他美語作文數學,新竹市建功一路152號1樓至4樓,府教社字第 1000078955號,7/18/2011,
24.81854610 ,120.96645680 ,新竹市私立育群文理短期補習班,(03)5409717,英語數學,新竹市武陵路79號1樓,府教社字第1000055210 號,5/18/2011,
24.79453830 ,120.96280310 ,新竹市私立艾維仕美語短期補習班,(03)5614095,英語英語,新竹市振興路29號2樓至4樓,府教社字第1000078200 號,7/12/2011,
24.79889210 ,120.98608570 ,新竹市私立偉傑英數文理短期補習班學府分班,(03)5737609,數學英語,新竹市學府路373號1-2樓,府教社字第1000027238號,3/18/2011,
24.79472070 ,120.99749210 ,財團法人信誼基金會附設新竹市私立光明文理短期補習班,(03)5752212,數學數學國語國語,新竹市光明新村187號,府教社字第1000027236 號,3/16/2011,
24.80849980 ,120.96229810 ,奧林匹克文化事業(股)公司附設新竹市私立奧林匹克文理短期補習班,(03)5253382 5262307,英語數學,新竹市民富街101號2樓,府教社字第1000022392 號,3/3/2011,
24.79784700 ,120.94987200 ,新竹市私立學品文理短期補習班,(03)5302330,其他美語數學,新竹市香山區頂埔路4號1樓至3樓,府教社字第1000013700 號,2/18/2011,
24.79482000 ,120.96545300 ,新竹市私立傑立文理短期補習班,(03)5619997,數學美語國語,新竹市食品路540號2樓之1,府教社字第1000001181 號,1/6/2011,
24.80137870 ,120.99684270 ,新竹市私立貝爾伊頓美語短期補習班,(03)5745201,美語,新竹市建功一路156號1樓至2樓,府教社字第1000037134號,4/11/2011,
24.80189640 ,120.95494590 ,新竹市私立道格拉斯美語短期補習班,(03)5280710,美語,新竹市中和路117號1樓,府教社字第0990140070 號,12/15/2010,
24.81808810 ,120.97378700 ,新竹市私立北聯文理短期補習班,(03)5326622,美語數學數學其他,新竹市光華東一街10號1樓至3樓,府教社字第0990116803 號,10/26/2010,
24.81515980 ,120.96166940 ,新竹市私立傳奇美語文理短期補習班,(03)5346889,美語美語數學作文,新竹市竹光路2號1樓至2樓,府教社字第0990122593 號,11/3/2010,
24.81296470 ,120.96395790 ,新竹市私立美育中正音樂舞蹈短期補習班,(03)5347733,音樂舞蹈舞蹈舞蹈音樂,新竹市中正路296之2號2樓,府教社字第0990104822 號,9/27/2010,
24.81700800 ,120.97203700 ,新竹市私立蘇老師文理短期補習班,-3,數學其他,新竹市光華街81號1樓至4樓,府教社字第0990098947 號,9/10/2010,
24.80826080 ,120.96158160 ,新竹市私立戴老師文理短期補習班,(03)5265676,數學英文,新竹市民富街277號1樓至3樓,府教社字第0990098736 號,9/9/2010,
24.81738740 ,120.97063830 ,新竹市私立大蘋果美語短期補習班,(03)5328511,美語美語美語,新竹市國華街72巷8號1樓,府教社字第0990088200 號,8/16/2010,
24.81771210 ,120.97407300 ,新竹市私立芮思美語短期補習班,(03)5421223,英文英文,新竹市光華北街11號1樓,府教社字第0990080300 號,8/9/2010,
24.81105490 ,120.98199760 ,新竹市私立嘉因文理短期補習班,(03)5331579,美語數學作文其他,新竹市民族路265號1、2樓及閣樓；民族路269號2樓、3樓,府教社字第0990072512 號,7/8/2010,兩間
24.80438700 ,120.97256900 ,支點資訊科技有限公司附設新竹市私立三民法政商業短期補習班,(03)5226099,其他其他,新竹市東門街62號2樓,府教社字第0990058888號,6/24/2010,
24.80023480 ,120.98519460 ,新竹市私立益智1號文理短期補習班,(03)5723498,英文數學英文數學,新竹市綠水路5號1樓,府教社字第0990051878號,5/18/2010,
24.80432780 ,120.97194300 ,英美教育文化有限公司附設新竹市私立英美美語短期補習班站前分班,(03)5219966,美語,新竹市東門街80號1樓至2樓,府教社字第0990051551號,5/17/2010,
24.79939360 ,120.97465140 ,新竹市私立天藍語文才藝短期補習班,(03)5615877,美語美術,新竹市東南街53巷43號1樓部份及2樓,府教社字第0990045451號,5/3/2010,
24.78770740 ,121.01748210 ,新竹市私立瑜躍文理短期補習班,(03)5729273,數學英文數學其他英文數學英文,新竹市東山街51號及51號2樓,府教社字第0990038060 號,4/19/2010,
24.81634910 ,120.96565700 ,新竹市私立海茵美語短期補習班,(03)5327773,美語其他數學電腦,新竹市東大路2段182號1樓,府教社字第0990035655號,4/12/2010,
24.80984860 ,120.97720240 ,百世教育科技股份有限公司附設新竹市私立百禮文理短期補習班民生分班,(03)5331884,數學數學,新竹市民生路115號4樓,府教社字第0990035795 號,4/9/2010,
24.80393620 ,120.97331990 ,巨匠電腦股份有限公司新竹美語分公司附設新竹市私立巨匠美語短期補習班,(03)5252077,美語,新竹市東門街35號、37號1-2樓,府教社字第0990003191 號,1/13/2010,兩間
24.79694530 ,120.96342780 ,新竹市私立李國賢室內設計短期補習班,(03)5618948,其他,新竹市中華路3段9號14樓之2,府教社字第0990029242 號,3/29/2010,
24.79767040 ,120.97686030 ,新竹市私立濟陽文理短期補習班,(03)5612383,英語數學,新竹市食品路142號3樓之1,府教社字第0990012797 號,2/9/2010,
24.80378070 ,120.98143060 ,新竹市私立薩姆爾美語短期補習班,(03)5611628,英語,新竹市公園路227巷15號1樓,府教社字第0990014384 號,2/8/2010,
24.79936080 ,120.96866900 ,新竹市私立好好創藝學園短期補習班,(03)5613938,美術,新竹市竹蓮街154號1、2樓,府教社字第0910023166 號,4/1/2002,
24.79482000 ,120.96545300 ,新竹市私立竹大文理短期補習班,(03)5629885,英語數學其他,新竹市食品路540號2樓,府教社字第0980122107號,11/23/2009,
24.80683080 ,120.95967160 ,新竹市私立立弘文理短期補習班,(03)5263143,國語數學,民富街169號2樓,府教社字第0980125869號,11/12/2009,
24.79978070 ,120.98315500 ,新竹市私立口袋文理短期補習班,(03)574852,作文數學英文音樂其他,新竹市園後街67巷5號1樓,府教社字第0980119551號,11/12/2009,
24.79941720 ,120.95582890 ,新竹市私立學順文教國語文短期補習班,(03)5302977,作文國語,新竹市牛埔路14巷6弄19-16號1樓,府教社字第0980121187 號,10/30/2009,
24.79079930 ,120.96611600 ,新竹市私立傑優美語短期補習班,(03)5613949,美語美語國語數學其他,新竹市南大路567巷43號1樓,府教社字第 0980112468號,10/23/2009,
24.82313060 ,120.97371950 ,新竹市私立智昇文理短期補習班,(03)5315696,數學英語,新竹市金竹路86號1樓,府教社字第0980095090號,9/11/2009,
24.78162000 ,121.00944700 ,新竹市私立全能文理短期補習班,(03)6667866,數學英語,新竹市民享街134號1-2樓,府教社字第0980102430號,10/2/2009,
24.80163890 ,120.97618370 ,新竹市私立楊翰文理短期補習班,(03)5230359,物理理化國語理化,新竹市南大路91-3號2-3樓,府教社字第0980109894號,10/15/2009,
24.82246330 ,120.97468650 ,新竹市私立亞瑟文理短期補習班,(03)5422346,英文英文數學,新竹市金竹路48巷38號1-3樓,府教社字第 0980075814號,7/16/2009,
24.79943210 ,120.96385000 ,新竹市私立南瓜田林森分班文理短期補習班,(03)5281881,英語數學理化英語英語數學英語生物,新竹市林森路182巷12號1-2樓,府教社字第0980086678 號,8/11/2009,
24.77684800 ,120.98400510 ,新竹市私立迪克森文理短期補習班,03-5670607,數學英語,新竹市高翠路327巷4弄34號1-3樓,府教社字第 0980057838號,6/3/2009,
24.77836900 ,121.02534600 ,新竹市私立竹科美語短期補習班,(03)5640059,英語,新竹市光復路1段89巷139號1樓,府教社字第 0980068702號,6/26/2009,
24.78220980 ,121.02618730 ,新竹市私立育光美語短期補習班,(03)5784537,英語,新竹市光復路一段576巷6號1-2樓,府教社字第 0980070576號,7/8/2009,
24.80438100 ,120.97318800 ,新竹市私立李安文理短期補習班,(03)0988205192,其他數學英文,新竹市東門街48號、50號7樓,府教社字第 0980066675號,6/29/2009,
24.80732590 ,120.95703300 ,新竹市私立鵝媽媽文理短期補習班,(03)5281580,美語理化,（30048）新竹市經國路2段390號5樓,府教社字第 0980017744號,6/15/2009,
24.81600490 ,120.97145050 ,新竹市私立兆丞文理短期補習班,(03)5312259,美語數學作文,新竹市光華街59巷14號1樓,府教社字第0980060636號,6/6/2009,
24.80392200 ,120.97196000 ,台灣知識庫股份有限公司新竹分公司附設新竹市私立數位學堂文理短期補習班,(03)5238442,其他數學,新竹市民族路31號10樓,府教社字第0980057676 號,6/30/2009,
24.80438700 ,120.97256900 ,新竹市私立陳杰文理短期補習班,(03)5263357,國語數學英文物理,新竹市東門街62號3樓至4樓,府教社字第0980030126 號,3/30/2009,
24.80654940 ,120.97194750 ,新竹市私立優質文理短期補習班,(03)5333800,其他數學美語,新竹市仁愛街18巷6號1-3樓,府教社字第0980031941 號,3/30/2009,
24.81668890 ,120.97159750 ,新竹市私立畊讀文理短期補習班,(03)5356311,英文數學數學其他,新竹市光華南街82之1號1至4樓,府教社字第 0970109573號,10/28/2008,
24.81785410 ,120.96493760 ,新竹市私立立文文理短期補習班,(03)5357038,數學美語,30054  新竹市北區武陵路57號1至4樓,府教社字第0980017870號,3/5/2009,
24.79996400 ,120.96174800 ,新竹市私立喬安文理短期補習班,"(03)5277900, (03)5280706",英語其他,新竹市四維路100號1至4樓,府教社字第0970125621號,12/1/2008,
24.80438700 ,120.97256900 ,驅勢文教事業有限公司附設新竹市私立驅勢語文短期補習班,(03)5258180,其他英文日文,新竹市東門街62號6樓及民族路31號4樓,府教社字第0980004634 號,1/16/2009,兩間
24.80294110 ,120.96957910 ,新竹市私立山葉鴻韻音樂短期補習班,(03)5266133,音樂音樂音樂,新竹市復興路16-5號2-4樓,府教社字第 0970117252號,12/2/2008,
24.79099310 ,121.01060690 ,新竹市私立想像英語短期補習班,(03)5777620,英文,新竹市立鵬路87號1樓及1樓夾層,府教社字第 0970117250號,11/21/2008,
24.78539220 ,121.00867050 ,新竹市私立竹科多元文理短期補習班,(03)5678646,作文英文數學,新竹市民享街136巷11號1-2樓、民享街138號2樓至4樓,府教社字第0970120568 號,11/20/2008,兩間
24.80196840 ,120.99594630 ,新竹市私立莉蒂亞文理技藝短期補習班,(03)5725983,美術數學音樂美語,新竹市建功一路190號1-3樓、192號1-3樓,府教社字第0970083144 號,9/1/2008,
24.80115910 ,120.98588100 ,新竹市私立來恩文理短期補習班,(03)5725598,英文英文,新竹市光復路2段379號1-4樓,府教社字第0970092282 號,9/24/2008,
24.76315700 ,120.91362890 ,新竹市私立萬儒文理短期補習班,(03)5453437,數學美語,新竹市中華路5段648巷118弄2號1-3樓,府教社字第0970118442號,11/17/2008,
24.80485070 ,120.97268650 ,希格瑪文教事業股份有限公司附設新竹市私立大無限文理短期補習班,(03)5233199,英文數學理化,新竹市民族路34號9樓,府教社字第0970090866號,9/2/2008,
24.82103300 ,120.96880060 ,新竹市私立漢林文理技藝短期補習班,(03)5333313,美術美語數學作文,新竹市武陵路216-2號2-3樓,府教社字第0970074407號,8/1/2008,
24.79413300 ,120.96621000 ,新竹市私立盧老師文理短期補習班,(03)5619075,美語數學,新竹市食品路478號1樓,府教社字第0970097954 號,9/30/2008,
24.78318910 ,121.02059000 ,新竹市私立琳達文理短期補習班,(03)5779091,美語其他數學,新竹市光復路一段268巷17號1樓,府教社字第0970063847 號,6/27/2008,
24.74300510 ,120.90633750 ,新竹市私立威成文理短期補習班,(03)5375439,英語數學,新竹市內湖路107巷9號1-2樓,府教社字第0970063845 號,6/27/2008,
24.80212100 ,120.97671700 ,新竹市私立梁弘大自然文理短期補習班,(03)5611200,數學其他其他,新竹市南大路94號2F至5F,府教社字第0970059876 號,6/19/2008,
24.80096010 ,120.96053600 ,新竹市劍橋西門文理短期補習班,(03)5252800,英語數學,新竹市四維路92號3樓、四維路98號3樓,府教社字第0970051248號,5/22/2008,兩間
24.82116880 ,120.97476270 ,新竹市私立綠手指短期補習班,(03)5319049,美術美語數學作文,新竹市湳雅街180號1-3樓,府教社字第0970028711號,4/1/2008,
24.79990320 ,120.98320510 ,新竹市私立璞心技藝短期補習班,(03)5730950,美術,新竹市園後街67巷1號1樓,府教社字第0970038412 號,4/17/2008,
24.78452210 ,121.01409720 ,新竹市私立四季田語文短期補習班,(03)5783388,美語美語其他,新竹市光復路1段511、513號1-2樓,府教社字第0970024337 號,3/21/2008,
24.80855050 ,120.96206430 ,新竹市私立陳瑩數學文理短期補習班,(03)5228755,數學美語,新竹市民富街122號1-2樓,府教社字第0970021361 號,3/11/2008,
24.79928990 ,120.96198700 ,新竹市私立庭安樂文理短期補習班,(03)5283435,英語,新竹市四維路39號2樓,府教社字第0910074750號,9/27/2002,
24.82246330 ,120.97468650 ,新竹市私立喬治美語文理短期補習班,(03)5152679,數學美語,新竹市金竹路38號2-3樓,府教社字第0970001027 號,1/16/2008,
24.79650550 ,120.94510140 ,新竹市私立傑尼爾竹風分班短期補習班,(03)5300199,音樂數學珠算美語舞蹈,新竹市牛埔東路209號2-4樓,府教社字第0960135697號,1/2/2008,
24.79990680 ,120.98915330 ,精誠資訊股份有限公司新竹分公司附設新竹市私立恆逸電腦短期補習班,(03)5723322,電腦電腦電腦電腦電腦,新竹市光復路2段295號3樓之2,府教社字第0960135457 號,1/2/2008,
24.79458550 ,120.97780220 ,臺師菁英文教事業股份有限公司附設新竹市私立臺師菁英6號文理短期補習班,(03)5720577,其他英文數學國文其他數學英語國語,新竹市學府路37號2-3樓,府教社字第0960133237 號,12/25/2007,
24.79454970 ,120.97772020 ,臺師菁英文教事業股份有限公司附設新竹市私立臺師菁英1號文理短期補習班,(03)5720577,數學英文其他國文其他,新竹市學府路35號1樓,府教社字第0960135696 號,12/25/2007,
24.80298900 ,120.96121800 ,新竹市私立教育家文理短期補習班,(03)5241919,美語其他,新竹市延平路1段37號2-4樓,府教社字第0960128120 號,12/14/2007,
24.81014540 ,120.97356260 ,新竹市私立震新文理短期補習班,(03)5323712,其他英文數學,新竹市民權路198號3、4樓,府教社字第0960129740號,12/20/2007,
24.80221540 ,120.98185810 ,新竹市私立班生文理短期補習班,(03)5629965,數學美語,新竹市體育街30號1樓,府教社字第0960122650 號,11/29/2007,
24.80314700 ,120.97149000 ,新竹市私立德川語文短期補習班站前分班,(03)5257360,日文日文日文國語其他英文,新竹市中正路22號3樓,府教社字第0960115864 號,11/9/2007,
24.81496180 ,120.97821770 ,新竹市私立富華機電短期補習班,(03)532-3300,其他其他其他其他其他,新竹市田美三街22巷6弄17號1-4樓,83府教社字第58892 號(台灣省政府教育廳83.11.25八三教五字第99356號簡便行文表),11/29/1994,
24.78103880 ,121.02642180 ,新竹市私立伯特美語短期補習班,(03)6661930,英語,新竹市光復路1段354巷2號1樓,府教社字第0960101841 號,10/2/2007,
24.74688790 ,120.90821930 ,新竹市私立立晟文理短期補習班,(03)5371334,美語數學,新竹市中華路6段205巷74號1-3樓,府教社字第 0960097351號,9/26/2007,
24.80392200 ,120.97196000 ,新竹市私立宏泰物理短期補習班,(03)5236188,英文生物英文其他物理其他數學其他數學其他其他,新竹市民族路31號5樓,府教社字第0960095530 號,9/13/2007,
24.80362480 ,120.97211550 ,新竹市私立三友語文短期補習班,(03)5345909,日文,新竹市民族路22號5樓,府教社字第0960080312 號,8/13/2007,
24.82461220 ,120.96987590 ,新竹市私立佳緣文理短期補習班,(03)5310878,其他英文,新竹市武陵路271巷31弄5號1樓,府教社字第0960074895 號,7/23/2007,
24.80438100 ,120.97318800 ,菁英國際文教事業有限公司新竹分公司附設私立菁英國際語言短期補習班,(03)5246600,英文日文,新竹市東門街48、50號2、3、4樓,府教社字第 0960063520號,6/23/2007,
24.79403630 ,120.92229370 ,新竹市私立明道文理短期補習班,(03)5388918、5382268,數學其他美語其他,新竹市大庄路251巷6號1-3樓,府教社字第0960040163 號,5/1/2007,
24.78443730 ,121.01145020 ,新竹市私立耕心美語短期補習班,(03)5787811,其他美語其他,新竹市科學園路107巷2號1樓至2樓,府教社字第0960038191 號,4/25/2007,
24.80253010 ,120.96063800 ,新竹市私立有玉音樂短期補習班,(03)5243038,音樂音樂,新竹市中山路312巷22號1樓,府教社字第0960038157 號,4/18/2007,
24.79611170 ,120.96753520 ,新竹市私立新源興文理短期補習班,(03)5621556,數學英語,新竹市南大路421之2號1樓,府教社字第0960034655號,4/11/2007,
24.81789600 ,120.97262200 ,新竹市私立欣法老師文理短期補習班,(03)5425505,數學其他英語,新竹市光華北街52號1-3樓,府教社字第0960031833 號,4/4/2007,
24.82089050 ,120.96482910 ,新竹市私立湳中文理短期補習班,(03)5347686,數學英文,新竹市湳中街87巷2-2號2-4樓,府教社字第0960027396 號,3/21/2007,
24.81600600 ,120.96594400 ,新竹市私立英格美語短期補習班,"(03)5358661, (03)5430088",美語,新竹市東大路2段178號1樓,府教社字第0960008958號,1/31/2007,
24.80780000 ,120.97456800 ,新竹市私立文勝文理短期補習班,(03)5315343,美語數學作文珠心算數學美語,湳中街121巷19號1樓至4樓,府教社字第0960011447號,1/31/2007,
24.78485060 ,121.00902940 ,新竹市私立童化美語語文短期補習班,(03)6662667,英文,新竹市民享街33號1-3樓,府教社字第0960008642 號,1/29/2007,
24.81269070 ,120.96445710 ,新竹市私立小博士文理短期補習班,(03)5332987,數學數學美語美語,新竹市中正路284巷4號1樓,府教社字第0960003152 號,1/18/2007,
24.80346990 ,120.96635340 ,私立救國團新竹團委會附設語文技藝短期補習班西門分班,(03)5248266,烹飪舞蹈英語電腦日文插花其他珠心算書法美容音樂繪畫瑜珈理髮,新竹市西門街146號2.3.4.5樓,府教社字第 0930118246號,11/15/2004,
24.82236830 ,120.97479330 ,新竹市私立瑩星樂園才藝短期補習班,(03)5353105,音樂,新竹市金竹路48巷32號1-3樓,府教社字第0950121738 號,12/6/2006,
24.79063950 ,120.92371830 ,新竹市私立超優文理短期補習班,(03)5398046,數學國語英語,新竹市香北一路111號1-3樓及51號1樓至3樓,府教社字第0950112455號,11/8/2006,兩間
24.82122900 ,120.97363600 ,新竹市私立庫奇短期補習班舊社分班,(03)5351001,英語音樂,新竹市湳雅街219巷15號2-4樓,府教社字第0950106816 號,11/2/2006,
24.80856010 ,120.98224000 ,新竹市私立浪斯邦尼有氧舞蹈短期補習班,(03)5321168,舞蹈,新竹市中華路2段49號2樓之1、2樓之2,府教社字第0950103022 號,10/14/2006,
24.81392930 ,120.97946820 ,新竹市私立桂芝文理藝術商業短期補習班,(03)5321370,數學美語數學其他其他珠心算美語其他,新竹市經國路1段379巷13號1-2樓,府教社字第0950097636 號,9/25/2006,
24.80300610 ,120.97932250 ,新竹市私立企鵝村語文短期補習班,(03)5626560,美語,新竹市公園路282號1樓,府教社字第0950090120 號,9/14/2006,
24.79992110 ,120.98586510 ,新竹市私立向尚藝術短期補習班,(03)5722619,美術,新竹市園後街72巷3號1樓,府教社字第0950089556 號,9/6/2006,
24.81344010 ,120.97666650 ,新竹市私立全方位菁英短期補習班,(03)5337099,數學英文其他,新竹市經國路1段479巷11弄8號3樓,府教社字第 0950081104號,8/15/2006,
24.80065500 ,120.98673120 ,新竹市私立學智文理短期補習班,(03)5726890,數學英文,新竹市學府路443號1-2樓,府教社字第0950080507 號,8/14/2006,
24.80284200 ,120.97327440 ,巨匠電腦股份有限公司新竹中華分公司附設私立中華電腦短期補習班,(03)5284678,電腦,新竹市中華路2段391號1-3樓、393號1-2樓,府教社字第0950080193 號,8/14/2006,
24.81242180 ,120.95608350 ,新竹市私立梓揚文理短期補習班,(03)5236550,美語數學,新竹市竹文街149號1-2樓,府教社字第0950073751 號,7/27/2006,
24.79877950 ,120.98350300 ,新竹市私立百分百短期補習班,(03)5751858,數學國語,新竹市博愛街92巷8號1-2樓,府教社字第0950065926 號,7/12/2006,
24.80069000 ,120.96410600 ,新竹市私立培根中英語文短期補習班,(03)5255393,英文數學,新竹市德成街16號1-2樓,府教社字第0950068333 號,7/17/2006,
24.80302640 ,120.97172550 ,大東海國際書局有限公司附設新竹市私立大東海法商短期補習班,(03)5256786,其他其他其他,新竹市民族路7號2樓、7樓、8樓、9樓,府教社字第0950052614 號,6/9/2006,
24.82124800 ,120.97485810 ,新竹市私立天才兒童美語短期補習班,(03)5421648,美語美語,新竹市湳雅街184號1-3樓,府教社字第0950063163 號,6/30/2006,
24.81813590 ,120.96296050 ,新竹市私立翔林文理短期補習班,(03)5334770,英文數學,新竹市東大路2段315號1-2樓,府教社字第0950044843 號,5/12/2006,
24.81681710 ,120.97621600 ,新竹市私立佑孳學苑文理短期補習班,(03)5426819,美語數學,新竹市光華東一街12號4樓,府教社字第0950044332 號,5/11/2006,
24.78081910 ,121.02424200 ,臺師菁英文教事業股份有限公司附設新竹市私立學研文理短期補習班,(03)6663268,作文數學,新竹市光復路1段89巷9號1-2樓,府教社字第0950036884 號,4/19/2006,
24.81796550 ,120.96381450 ,新竹市私立東大佳音英語文理短期補習班,(03)5351111,英文數學國語其他,新竹市東大路2段228號1-4樓及東大路2段222號1-2樓,府教社字第0950029075 號,3/31/2006,兩間
24.82302490 ,120.97386010 ,新竹市私立印地安文理短期補習班,(03)5326986,數學英語數學英文,新竹市金竹路82號1樓及78號1-3樓,府教社字第0950017281 號,2/24/2006,兩間
24.78043500 ,121.01102750 ,新竹市私立欣心潛能文理短期補習班,(03)5631971,數學,新竹市民有二街2號1樓及1樓夾層,府教社字第0950020000 號,3/6/2006,
24.81377530 ,120.98009770 ,新竹市私立大正短期補習班,(03)5325999,美語,新竹市自由路101號2樓,府教社字第 0950009768號,1/27/2006,
24.80635620 ,120.97656060 ,新竹市私立程鋒文理短期補習班,(03)5346206,物理,新竹市三民里民權路36號2樓,府教社字第 0950007229號,1/20/2006,
24.79096390 ,120.96855430 ,新竹市私立小博士園地英語文短期補習班,(03)5622811,英語,新竹市明湖路231號,府教社字第0950007840 號,1/23/2006,
24.81301090 ,120.98069730 ,新竹市私立朱尼爾短期補習班,(03)5456868,數學英語,新竹市自由路67號2樓之1、2樓之2,府教社字第 0940123345號,12/22/2005,
24.79982320 ,120.96188460 ,新竹市私立傳薪短期補習班,(03)5260277,國語,新竹市四維路92號2樓,府教社字第0940123609 號,12/21/2005,
24.80562970 ,120.96186010 ,新竹市私立炬匠電腦短期補習班,(03)5282888,電腦,新竹市北大路331號,府教社字第0940121668號,12/13/2005,
24.79865580 ,120.98329820 ,新竹市私立資優生心算短期補習班,(03)5166088,心算,新竹市博愛街86號,府教社字第0940118178 號,12/7/2005,
24.74376660 ,120.90600520 ,新竹市私立同心圓文理短期補習班,(03)5374138,數學美語,新竹市香山區內湖路57號,府教社字第0910080912 號,10/18/2002,
24.77520900 ,121.02790000 ,新竹市私立基音美語短期補習班,(03)5637057，5637058,美語,新竹市金山27街57號1-4樓,府教社字第0940061605 號,7/22/2005,
24.79633600 ,120.99885090 ,新竹市私立高傳文理短期補習班,(03)5727156,數學,新竹市建功路26號2樓之1,府教社字第 0940083648號,9/5/2005,
24.80587210 ,120.95259990 ,新竹市私立兒童村美語短期補習班,(03)5246902,美語,新竹市延平路一段214巷74號2樓(95.8.11府教社字第0950080753號函核准變更班址),府教社字第 0940081174號,8/29/2005,
24.82127830 ,120.97450280 ,新竹市私立捷勝文理短期補習班,(03)5152542,數學英語,新竹市湳雅街225號,府教社字第0940043186 號,5/17/2005,
24.81368390 ,120.97915040 ,新竹市私立泰迪貝爾短期補習班,(03)5358020,美語數學其他,新竹市自由路95巷18弄26號2樓之1,府教社字第 0940003091號,1/11/2005,
24.80353610 ,120.98421200 ,新竹市私立舞飛氧舞蹈短期補習班,(03)5160199,舞蹈舞蹈,新竹市八德路158號2樓至3樓,府教社字第 0940039008號,5/2/2005,
24.81818540 ,120.97070650 ,新竹市私立維肯美語文理短期補習班,(03)5152328,英語數學其他國語,新竹市湳雅街91-1號4樓,府教社字第0940033007 號,4/21/2005,
24.79747940 ,120.99622980 ,新竹市私立偉誠文理短期補習班,(03)5727677,英語數學其他,新竹市光復路二段430號2-3樓,府教社字第0940001195 號,1/18/2005,
24.80303650 ,120.97325010 ,新竹市私立聯成電腦短期補習班,(03)5235568,電腦,新竹市中華路二段387號1-3樓,府教社字第 0940013557號,2/21/2005,
24.81083660 ,120.98157580 ,新竹市私立法老師文理短期補習班,(03)5355650,英文數學其他,新竹市民族路253號1樓及2樓之1,府教社字第0940022712 號,3/14/2005,
24.79488170 ,120.99952840 ,全國文教事業有限公司附設新竹市私立全國外語中心短期補習班,(03)5736588,日文美語,新竹市光復路2段254號4樓,府教社字第 0940018024號,3/7/2005,
24.80640150 ,120.97459520 ,何嘉仁文教事業股份有限公司新竹分公司附設新竹市私立風城語文短期補習班,(03)5322388,日文英語其他,新竹市民族路55號1-3樓,府教社字第 09400018820號,3/7/2005,
24.78431350 ,121.01374790 ,新竹市私立種子英語短期補習班,(03)6686205,英語,新竹市光復路一段485巷6弄7號1-2樓,府教社字第0930162895 號,12/29/2004,
24.81605070 ,120.96661770 ,新竹市私立文思快樂學園文理短期補習班,(03)5351280,美語,新竹市東大路二段172巷18號1樓,府教社字第0930091940 號,8/26/2004,
24.80052300 ,120.98392200 ,新竹市私立華盛頓文理短期補習班,(03)5721668，5721469,英語,新竹市綠水路59、61號1樓,府教社字第0930124555 號,11/29/2004,
24.80063780 ,120.99470310 ,新竹市私立米羅語文短期補習班,(03)5733066、5166399,美語,新竹市建中路48號1樓(擴充班舍至42號1樓)、建功一路202、206號1-3樓,府教社字第 0930124532號,12/1/2004,多間
24.78507020 ,121.01092500 ,新竹市私立延展文理短期補習班,(03)5631905,美語數學,新竹市光復路一段607巷30號1樓,府教社字第 0930117088號,11/8/2004,
24.80598930 ,120.95990850 ,新竹市私立皇室3號美語短期補習班,(03)5223449,美語,新竹市民富里七鄰少年街39號3樓及4樓,府教社字第 0930100966號,9/20/2004,
24.81188410 ,120.95482300 ,新竹市私立邦尼文理短期補習班,(03)5265706,數學美語,新竹市西大路755號,府教社字第0930087865 號,8/10/2004,
24.83859040 ,120.93851610 ,新竹市私立陽陞文理短期補習班,(0937)152252,美語數學,新竹市東大路三段467巷30號,府教社字第0930059605 號,5/17/2004,
24.80485070 ,120.97268650 ,希格瑪文教事業股份有限公司附設新竹市私立希格瑪文理短期補習班,03-5233119,理化英語數學,新竹市民族路34號8樓,府教社字第 0930065501號,6/3/2004,
24.78394360 ,121.01449030 ,臺師菁英文教事業股份有限公司附設新竹市私立臺師7號短期補習班,(03)6667766,英文數學理化,新竹市光復路一段485巷11號1樓,府教社字第0930064125 號,5/31/2004,
24.81431820 ,120.97903090 ,新竹市私立郭義科學教育中心短期補習班,(03)5436621,數學英語理化,新竹市經國路1段379巷8號4樓至六樓,府教社字第 0930069609號,6/16/2004,
24.78511940 ,121.01090670 ,新竹市私立弗利思特美語短期補習班,(03)5780269,美語,新竹市光復路一段607巷28號,府教社字第0930052077號,4/23/2004,
24.80370280 ,120.95759840 ,新竹市私立奧斯卡美語短期補習班,(03)5221672,美語,新竹市民富街260號2樓,府教社字第0930045609號,4/7/2004,
24.80664450 ,120.97195140 ,新竹市私立弗克思美語短期補習班,(03)5339598,美語,新竹市仁愛街10號1樓至4樓,府教社字第0930015493號,2/25/2004,
24.79914930 ,120.98147880 ,新竹市私立英倫英語短期補習班,(03)5728575,英語,新竹市博愛街85號1樓至2樓、95號1樓至2樓,府教社字第0930005538號,1/16/2004,兩間
24.80873420 ,120.97427800 ,新竹市私立德恩美日語中央分校短期補習班,(03)5318251,日文,新竹市中央路198號6樓,府教社字第0920105084號,12/15/2003,
24.79897450 ,120.96436310 ,新竹市私立迅英美語短期補習班,(03)5225251,美語,新竹市林森路187號3樓之4,府教社字第0920102165號,12/4/2003,
24.80142700 ,120.96819530 ,新竹市私立偉文電腦短期補習班,(03)5218888,電腦電腦電腦,新竹市南門里林森路57號2樓,府教社字第0920101286號,12/1/2003,
24.79944790 ,120.94184080 ,新竹市私立優百科文理短期補習班,(03)5386210,英語,新竹市牛埔北路80巷17號,府教社字第 0920096315號,11/14/2003,
24.78341310 ,121.02266970 ,新竹市私立丹尼爾美語短期補習班,(03)5782575,美語,新竹市關東路66號,府教社字第0920069072號,8/19/2003,
24.78423740 ,121.01404850 ,臺師菁英文教事業股份有限公司附設新竹市私立臺師2號文理短期補習班,03-6667766,理化數學英文,新竹市光復路1段485巷6弄12、16號一、二樓,府教社字第0920068953號,8/19/2003,
24.81382510 ,120.97972800 ,新竹市私立卓見電腦美語短期補習班,(03)5152910,電腦英語英語,新竹市經國路1段379巷21號,府教社字第0920068273號,8/18/2003,
24.78573260 ,121.01835780 ,新竹市私立竹科芝麻街美語文理短期補習班,(03)6667399,英語英語數學,新竹市關新路51號2樓,府教社字第0920062523號,7/29/2003,
24.78289260 ,121.01884860 ,新竹市私立劍橋短期補習班,(03)5338788 5795569,英語,新竹市光復路一段322號二樓,府教社字第0910007299號,2/19/2001,
24.80630300 ,120.97424900 ,新竹市私立建傳音樂短期補習班,(03)5311426,音樂,新竹市民族路43號3樓,府教社字第0920057919號,7/14/2003,
24.80849140 ,120.96099480 ,新竹市私立安妮英語文理短期補習班,(03)5254849,英語英語其他國語數學其他,新竹市西大路668號1樓及2樓,府教社字第0920055025號,7/4/2003,
24.80378000 ,120.97078950 ,新竹市私立北太電腦短期補習班,(03)5230188,電腦電腦電腦,新竹市中正路49號2-3樓,府教社字第0920053608號,7/1/2003,
24.78342140 ,121.01863760 ,新竹市私立登峰文理短期補習班,(03)5635300,其他數學,新竹市光復路一段354巷16弄2號1樓,府教社字第0920049543號,6/17/2003,
24.79661500 ,120.95132010 ,新竹市私立貝利電腦美語短期補習班,(03)5302330,電腦英語,新竹市頂埔路6號,府教社字第0920050356號,6/20/2003,
24.78425940 ,121.01389030 ,新竹市私立傑登文理短期補習班,(03)6667899,英語珠算數學其他,新竹市光復路一段485巷6弄27、29號1、2樓及11、15號1樓,府教社字第0920047477號,6/10/2003,多間
24.79797510 ,120.98485820 ,新竹市私立欣優陞英數理化短期補習班,(03)5737630,數學理化英語,新竹市博愛街26號1樓及22巷3號1樓,府教社字第0920043929號,5/29/2003,兩間
24.77684100 ,121.02368200 ,弋果文化事業股份有限公司附設新竹市私立旗艦美語短期補習班,(03)5637733,美語,新竹市金山六街5號,府教社字第0920029716號,1/1/2000,
24.78957280 ,120.92579470 ,新竹市私立瀚英文理短期補習班,(03)5386326,美語數學,新竹市香北路225巷90弄11號2-4樓(95.8.10府教社字第0950078485號准予變更),府教社字第0920031358 號,4/17/2003,
24.80314700 ,120.97149000 ,新竹市私立翔宇英文文理短期補習班,(03)5284263，6120136,英語,新竹市中正路22號5樓之1、5樓之2,府教社字第0920029638 號,4/10/2003,
24.80085120 ,120.99452560 ,新竹市私立典翰文理短期補習班,(03)5748988,數學美語,新竹市建中路31號1樓,府教社字第0920023028 號,3/21/2003,
24.79185240 ,120.96847620 ,新竹市私立亮榮昌文理短期補習班,(03)5623249,美語電腦,新竹市明湖路180號2樓之2,府教社字第 0920002323號,1/9/2003,
24.80721890 ,120.96016890 ,新竹市私立育碩文理短期補習班,(03)5262307,美語數學,新竹市民富街155、157、159號1樓,府教社字第0910044490 號,6/13/2002,多間
24.79974400 ,120.96175250 ,新竹市私立英維文理短期補習班,(03)5282621,英語,新竹市四維路90號1-4樓,府社字第 0910062058號,8/19/2001,
24.81762600 ,120.97288000 ,新竹市私立愛丁堡美語短期補習班,(03)5350603(03)5344151,英文,新竹市光華北街49號,府社字第 0910060370號,8/12/2002,
24.82224750 ,120.97031280 ,新竹市私立瑪格瑞特美語短期補習班,(03)5349601,美語,新竹市武陵路266號、266號2樓之1、2樓之2、2樓之3,府社字第0910061631 號,5/19/2001,
24.78029410 ,120.96718760 ,新竹市私立新竹汽車客運股份有限公司 汽車駕駛修護短期職業補習班短期補習班,(03)5201127,,新竹市明湖路484號,府教社字第100034號,12/23/1971,
24.79763450 ,120.97441330 ,部落森數位文創有限公司附設新竹市私立部落森文理短期補習班,(03)5612009,數學英語理化,新竹市東南街139號2-3樓,府教社字第0870087827號,11/20/1998,
24.80485070 ,120.97268650 ,新竹市私立力行補習班(民族分部)短期補習班,(03)5216181,,新竹市民族路34號8樓,府教社字第0870018509號,8/12/1989,
24.79484220 ,120.97638930 ,新竹市私立麥克國英語會話短期補習班,(03)5711399,國語英語,新竹市東南街261號1-3樓(95.09.11府教社字第0950090129號函准予變更),府教社字第58858號,8/4/1998,
24.80682500 ,120.96176100 ,新竹市私立元元美術短期補習班,(03)5248588,美術,新竹市西大路543號2-3樓,府教社字第0820017406號,4/27/1993,
24.81653400 ,120.95864850 ,新竹市私立中正音樂短期補習班,(03)5221686,,新竹市中正路482巷4號,新竹市政府75.4.10府教社字第0946號,4/10/1986,
24.80732830 ,120.96529540 ,新竹市私立筑風音樂短期補習班,(03)5233599,,新竹市長安街94號1樓,府教社字48353號,10/13/1993,
24.80734200 ,120.97173400 ,新竹市私立佳佳舞蹈短期補習班,(03)5323127,舞蹈,新竹市中央路146號2樓,教五字52866號,7/15/1980,
24.80869250 ,120.96525550 ,新竹市私立飛鳳舞蹈短期補習班,(03)5286161,舞蹈,新竹市北門街172號2樓,府教社字第29543號,8/16/1983,
24.79840710 ,120.96820240 ,新竹市私立溫賢鈺社交舞蹈短期補習班,(03)5223366,其他,新竹市西大路213號2樓之1,府教社字第33319號,7/21/1993,
24.81005870 ,120.96783750 ,新竹市私立新虹燕舞蹈短期補習班,(03)5328939,舞蹈,新竹市北大路158號2樓,臺灣省政府教育廳82年8月27日教五字第75103號、新竹市政府82年8月31日府教社字第40731號,8/31/1993,
24.80984410 ,120.98009260 ,新竹市私立雲門三民才藝短期補習班,(03)5153515,美術音樂其他,新竹市民族路205號2樓,府教社字第83510號,11/8/2001,
24.79629800 ,120.96803800 ,新竹市私立中美英語會話短期補習班,(03)5268368,英語,新竹市南大路403號1-2樓,台灣省政府教育廳教五字第26948號,3/22/1982,
24.78417410 ,121.02268400 ,新竹市私立群英文理短期補習班,(03)5795835,英語數學,新竹市關東路110號1-4樓,府教社字第27412號,4/22/1997,
24.81233800 ,120.95867500 ,新竹市私立榮老師英語會話短期補習班,(03)5315225,,新竹市竹光路145號1樓,府教社字第38391號,5/28/1999,
24.80139550 ,120.95591840 ,新竹市私立中和英語短期補習班,(03)5255125,英語,新竹市中和路95巷7號1樓,八六府教社字第70921號,9/23/1997,
24.81108960 ,120.96746400 ,私立救國團新竹團委會附設語文技藝短期補習班,(03)5153383,日文英語電腦烹飪音樂美術書法美容其他其他瑜珈舞蹈插花,新竹市演藝路23號2樓,府教社字第0860097419號,12/31/1987,
24.83779570 ,120.94207360 ,新竹市私立巧園美語珠心算短期補習班,(03)5362862,美語國語數學其他其他,東大路三段518號1樓至2樓,,1/1/2000,
24.81088200 ,120.97844600 ,新竹市私立學園英語短期補習班,(03)5324100,美語數學珠心算,新竹市中央路307號1-2樓,八七府教社字第34743號,5/11/1998,
24.79959810 ,120.96009400 ,新竹市私立佳美英語短期補習班,(03)5238841,美語,新竹市西門街252號1-2(95.8.3府教社字第0950076742號函核准變更設立人) ,府教社字第0930097747號,9/9/2004,
24.80829640 ,120.97784660 ,新竹市私立台大文理短期補習班,(03)5429101,其他數學,新竹市民族路127號2、3樓(96.5.23府教社字第0960050175號函准予擴充班舍至3樓),八七府教社字第95481號,12/17/1998,
24.79583740 ,120.98021420 ,新竹市私立新華興英語短期補習班,(03)5726333,英語,新竹市東山街16巷13號2樓,府教社字第 0880002084號,1/11/1999,
24.79669760 ,120.97522500 ,新竹市私立上群美語短期補習班,(03)5620992,英語,新竹市食品路218號3樓,(88)府教社字第06789號,2/1/1999,
24.77771100 ,121.02073700 ,新竹市私立聯新語文短期補習班,(03)5991458,美語,新竹市金山12街32號1、2樓,府教社字第0880062918號,9/27/1999,
24.81537570 ,120.96577500 ,新竹市私立諾貝兒短期補習班,(03)5328438,美語,新竹市東大路2段165號3樓,府教社字第0890081389號,11/10/2000,
24.80314700 ,120.97149000 ,新竹市私立德川語文短期補習班,(03)5257360,日文日文日文,新竹市中正路22號10樓之1,府教社字第0900021448號,3/23/2001,
24.81017010 ,120.96812700 ,新竹市私立大亞電腦短期補習班,(03)5351919,電腦,新竹市北大路150號2樓,府教社字第0890081112號,11/9/2000,
24.80081030 ,120.96072770 ,新竹市私立東方美容美姿短期補習班,(03)5265282、5252093,,新竹市四維路79號,臺灣省政府教育廳76.08.28教五字第71680號。新竹市政府76.09.07府教社字第47447號,9/7/1987,
24.80062710 ,120.96938330 ,新竹市私立東亞美容髮型短期補習班,(03)5213997,其他美容,新竹市中華路2段508號4樓之1之2之3。,府教社字第43347號,6/16/1997,
24.80770570 ,120.96303880 ,新竹市私立卓越文理短期補習班,(03)5245172,,新竹市仁德街75號,,1/1/2000,
24.80438100 ,120.97323200 ,新竹市私立偉文文理短期補習班,(03)5258000,英文數學,新竹市東門街46號2樓,竹府教字第0800024236號,6/24/1991,
24.84531140 ,120.92821340 ,新竹市私立漢聲文理短期補習班,(03)5362345,數學英文理化,新竹市東大路四段273號2樓至4樓,府教社字第79147號,11/7/1995,
24.80480200 ,120.95083800 ,新竹市私立學立文理短期補習班,(03)5361985,英文數學,新竹市延平路3段204巷1號1-3樓,府教社字第18255號,3/14/1996,
24.78244700 ,121.02345300 ,新竹市私立新世紀文理短期補習班,(03)5779115,理化數學英文,新竹市光復路1段108巷38號1樓,86府教社字第80014號,10/27/1997,
24.81058040 ,120.97685270 ,臺師菁英文教事業股份有限公司附設新竹市私立臺師6號文理短期補習班,(03)5356333,英語理化數學,新竹市民生路150號1樓,府教社字第0930081124,7/21/2004,
24.83920170 ,120.93445750 ,新竹市私立新豐數學文教學苑短期補習班,(03)5361845,數學英語其他,新竹市延平路3段542-1號1樓至2樓,八七府教社字第34787號,5/11/1998,
24.78852900 ,120.92804700 ,新竹市私立東方文理短期補習班,(03)5384629,英語數學,新竹市中華路5段20號1樓,府教社字第0870072031號,9/21/1998,
24.74453540 ,120.90683680 ,新竹市私立美樂蒂文理短期補習班,(03)5349401,英語數學電腦,新竹市中華路六段216號1樓、地下一樓,府教社字第0890042922號,6/21/2000,
24.81364840 ,120.97984550 ,新竹市私立喬太文理短期補習班,(03)5356969,數學理化英語,新竹市經國路一段379巷41號3樓,府教社字第0890084543號,11/22/2000,
24.78930100 ,120.92652900 ,新竹市私立千韻文理短期補習班,(03)5387526,數學國語,新竹市大庄路56-7號1-4樓,府教社字第0900005737號,1/31/2001,
24.80444400 ,120.97317600 ,新竹市私立聯合文理短期補習班,(03)5269516,其他其他,新竹市東門街34巷3號1之4樓,府教社字第16487號,4/22/1989,
24.80467940 ,120.97258140 ,新竹市私立文林文理短期補習班,(03)5221023,,新竹市民族路32之2號,,1/1/2000,
24.80392200 ,120.97196000 ,陳立教育事業股份有限公司附設新竹市私立中正文理短期補習班,(03)5219500,國文英文數學其他數學其他國文英文其他其他,民族路31號6樓、7樓、8樓,87府教社字第15822號,3/5/1998,
24.80563700 ,120.97683400 ,新竹市私立建如文理短期補習班,-3,其他,新竹市中華路2段218號2樓,府教社字第0900011169號,2/16/2001,
24.79853850 ,120.96419490 ,新竹市私立向日葵語文短期補習班,(03)5265871,其他數學英文,新竹市福德街45號1樓-3樓,府教社字第0890027705號,4/24/2000,
24.80568590 ,120.95225340 ,艾學爾文理短期補習班竹光分班,(03)5262889,英語其他數學,新竹市延平路一段214巷67號1樓,府教社字第0930079935號,7/16/2004,
24.80126720 ,120.96311360 ,新竹市私立小小天地美語短期補習班,(03)5278757,美語,新竹市西門街148號,,5/3/2002,
24.80989640 ,120.96623520 ,新竹市私立階梯你和我英語短期補習班,(03)5230393,英文,新竹市中正路180號3樓之1,文0910005636號,1/1/2000,
24.83849870 ,120.93833270 ,新竹市私立喬仁英語會話、珠算短期補習班,(03)5363719,珠算英語,新竹市東大路3段467巷52號2樓,府教社字第08687號,3/6/1990,
24.80434700 ,120.97350700 ,網路地球村語文資訊有限公司新竹站前分公司附設新竹市私立地球村美日語短期補習班,(03)5235070,日文美語,新竹市東門街36號2樓及5樓至8樓,83.06.01教社24644號,6/1/1994,
24.79919990 ,120.98156200 ,新竹市私立暘光美語短期補習班,(03)5751878,英文,新竹市博愛街83號2樓,府教社字第89782號,12/4/2001,
24.80730000 ,120.97167400 ,新竹市私立泰葛美語短期補習班,(03)5313648,美語,新竹市中央路144號5樓,第78618號,1/1/2000,
24.79967710 ,120.96649490 ,新竹市私立英王美語短期補習班,(03)5222053 5238000,其他美語數學國語,新竹市南城街43號1樓,八二府教社字第90410號,11/17/1993,
24.77838800 ,121.02040700 ,新竹市弋果美語短期補習班,(03)5633913,英文,新竹市金山七 街27號2樓,府教社字第0890027704號,4/24/2000,
24.80317930 ,120.98107350 ,新竹市私立皇室專才教育短期補習班,(03)5315424,英文,新竹市光復路二段928號1、2、3樓,府教社字第0890038340號,6/2/2000,
24.78335700 ,121.01714900 ,地球村出版有限公司新竹園區分公司附設新竹市私立國際地球村文理短期補習班,(03)5640766,英語其他,新竹市光復路一段371號2樓之1至之5,府教社字第78617號,10/16/2001,
24.81162730 ,120.97527100 ,新竹市私立喬英美語短期補習班,(03)323201,英文,新竹市東區復中里13鄰民生路239巷2弄20號1~3樓,第63703號,1/1/2000,
24.78745820 ,121.00313170 ,新竹市私立史丹佛美語短期補習班,(03)5922000,美語,新竹市光明里14鄰大學路81巷3弄51號,,1/7/1998,
24.79937700 ,120.95045700 ,新竹市私立師大美語短期補習班,(03)5388499,美語,新竹市牛埔東路275巷30號2、3樓,府教社字第0890094306號,12/28/2000,
24.81927850 ,120.96091410 ,新竹市私立清甘英語學園短期補習班,(03)5355250,英語,新竹市鐵道路三段21號1樓,府教社字第0890026738號,4/20/2000,
24.80356960 ,120.97382200 ,新竹市私立康乃爾外語中心短期補習班,(03)5233066,其他其他日文美語其他其他,新竹市中華路二段314，316號1~3樓,府教社字第0900024080號,4/3/2001,
24.81639970 ,120.97296510 ,新竹市私立伊頓美語短期補習班(95.08.16府教社字第0950081915號函准予減少共同設立人),(03)5340076,美語,新竹市光華南街67號2樓,府教社字第0910014354號,3/1/2002,
24.79809000 ,120.94450390 ,新竹市私立晨星學院文理短期補習班,(03)5400598,美語,新竹市牛埔路333號1~3樓,府教社字第0910015293號,3/19/2002,
24.80475710 ,120.96163720 ,新竹市私立南瓜田外語文理短期補習班,(03)5281881,數學生物數學理化理化美語數學其他英語,新竹市集賢街7號.9號1至4樓,府教社字第0900064758號,9/3/2001,
24.80207810 ,120.96093900 ,新竹市私立竹嘉文理技藝短期補習班,(03)5252825,電腦英語數學作文,新竹市中山路306號1-4樓,府教社字第0890040078號,6/12/2000,
24.78274100 ,121.02037500 ,新竹市私立立人英日語會話短期補習班,(03)5321987,,新竹市光復路一段268巷3號1樓,府教社字第88805號,10/9/1990,
24.80008320 ,120.98247620 ,新竹市私立精英兒童美語短期補習班,(03)5750585,美語,新竹市園後街94、98號1樓,府教社字第0910041977號,6/5/2001,兩間
24.80656670 ,120.96320630 ,臺師菁英文教事業股份有限公司附設新竹市私立臺師菁英文理短期補習班,（03〉5283848,數學英語理化,新竹市北大路293號1~3樓,府教社字第61926號,8/31/2001,
24.78417910 ,121.02066100 ,新竹市私立新儒林文理短期補習班,(03)5797856,英文數學理化,新竹市關東里光復路一段268巷63號4樓,府教社字第090064674號,8/31/2001,
24.80734350 ,120.97354290 ,新竹市私立階梯文理電腦短期補習班,(03)5332828,英語電腦數學,新竹市三民路22-1號1樓,府教社字第0890013716號,2/29/2000,
24.80438100 ,120.97323200 ,新竹市私立成功文理短期補習班,(03)5248543,英文物理,新竹市東門街46號4樓(93.05.05府教社字第0930055571號函准予變更班址),府教社字第39419號(臺灣省政府教育廳82年8月20日教五字第73600號),8/24/1993,
24.80623240 ,120.95137960 ,新竹市私立國壽文理短期補習班,(03)5230130,,新竹市延平路一段214巷108號1樓,府教社字第39095號(教育廳85.5.31教五字第66068號),6/10/1996,
24.79669760 ,120.97522500 ,新竹市私立孜學壹文理短期補習班,(03)5621885,其他,新竹市食品路218號1~2樓,(91)府教社5894號,1/1/2000,
24.81225300 ,120.97845980 ,新竹市私立小狀元文理短期補習班,(03)5352806,英文數學,新竹市復興里民主路139-2號1樓,第0910009888號,1/1/2000,
24.80497850 ,120.94732220 ,新竹市私立學立6號文理短期補習班,(03)5218015,英文數學,新竹市延平路一段433號一樓,府教社字第0900012105號,2/20/2001,
24.80577600 ,120.96094900 ,臺師菁英文教事業股份有限公司附設新竹市私立臺師文理短期補習班,(03)5228449,理化英文數學,新竹市少年街3號1樓,府教社字第0890081372號,11/10/2000,
24.80340910 ,120.97165200 ,新竹市私立華興文理短期補習班,(03)5280880,數學其他,新竹市民族路17號3樓至7樓,84.08.16教社58037,8/16/1995,
24.78446630 ,121.01410070 ,臺師菁英文教事業股份有限公司附設新竹市私立臺師5號文理短期補習班,(03)6667766,英文數學理化,新竹市光復路一段509號1、2樓,府教社字第0910007294,2/5/2002,
24.79664600 ,120.96961700 ,新竹市私立育民英數理短期補習班,(03)5217623,,新竹市新興里2鄰西大路137號1樓,八一府教社字第46530號,1/1/2000,
24.81642510 ,120.95818160 ,新竹市私立偉登文理短期補習班,(03)5325717,英語日文數學,新竹市中正路498號2樓,府教社字第0890051622號,7/21/2000,
24.78930100 ,120.92652900 ,新竹市私立新華文理短期補習班,(03)5308758,英文數學,新竹市大庄路56-5號1-4樓,府教社字第0900011172號,2/16/2001,
24.80362480 ,120.97211550 ,智基科技開發股份有限公司附設新竹市私立志光文理法政商業短期補習班,(03)5255117,其他其他其他,新竹市民族路22號3樓,府教社字第0900049822號,7/9/2001,
24.80602360 ,120.96394970 ,新竹市私立建嘉文理短期補習班,(03)5284151,數學英語理化,新竹市世界街207號,府教社字第55529號,7/28/1997,
24.81045540 ,120.97999390 ,新竹市私立勤學文理短期補習班,(03)5336260,英文數學理化,新竹市民主路78號1-2樓,府教社字第0910038568號,5/24/2000,
24.79921130 ,120.94441480 ,新竹市私立文昌文理短期補習班,(03)5381565,其他,新竹市中埔里3鄰祥園街61號,府教社字第26988號函,6/15/1990,
24.79658890 ,120.94529630 ,新竹市私立鴻揚文理短期補習班,(03)5301758-9,數學英文其他作文,新竹市牛埔東路199號1-4樓及牛埔東路198號1-2樓,府教社字第14089號(台灣省政府教育廳81.4.9教五字第038037號),4/14/1992,兩間
24.78236900 ,121.02360100 ,新竹市私立上林文理短期補習班,(03)5782889,,新竹市光復路1 段108巷80之1號,,1/1/2000,
24.79487800 ,121.00873530 ,新竹市私立儒林文理短期補習班,(03)5782079,數學作文其他,新竹市埔頂路113號1、2、3樓,府教社字第04381號,2/4/1996,
24.79573960 ,120.97572400 ,新竹市私立哈佛英數文理短期補習班,(03)5738969,其他英文數學英文國語數學,新竹市東南街225號1樓至2樓,府教社字第42189號,6/15/1995,
24.80438900 ,120.97251100 ,新竹市私立大衛美語會話短期補習班,(03)5238855,英文,新竹市東門街64號1-4樓,府教社字第0850056469號,8/9/1996,
24.80760710 ,120.96391500 ,新竹市私立聯美英日語短期補習班,(03)5257250,,新竹市北大路266號,府教社字第0790020444號,5/14/1990,
24.80434700 ,120.97350700 ,新竹市私立三元文理短期補習班,(03)5247871,理化文理,新竹市東門街36號4樓,府教社字第0870059934號,8/7/1998,
24.80392200 ,120.97196000 ,台灣知識庫股份有限公司新竹分公司附設新竹市私立大碩文理短期補習班,(03)5265779,數學其他,新竹市民族路31號9樓,府教社字第0880062686號,9/20/1999,
24.78770740 ,121.01748210 ,新竹市私立愛尼華短期補習班,(03)5300199,珠算舞蹈電腦美語數學,新竹市東華路66號1、2樓,府教社字第0890051623號,7/21/2000,
24.79014810 ,120.92509910 ,新竹市私立傑尼爾短期補習班,(03)5304499,英語珠算數學,新竹市香北路250號,府教社字第0860074998號,10/7/1997,
